,Power,Var2,Var3,Eta
last_value,135.8541,0.062459,27.12813,0.8014923888920288
MaxScala,260.0,0.12,30.0,100.0
Media,133.88517755312307,0.0620812,27.1953,0.789876424740115
Dev,1.2147550164967,0.0144514,0.4199,0.007166636119855907
