QMean,QDev,PMean,PDev,BarMean,BarDev,etaMean,etaDev,Energy,Resa,Availability
0.05519888410066365,0.01856045021564758,118.80777292182266,40.10116129754001,25.908389201356798,5.457841703842648,0.7874456825370713,0.0406999186065461,699746.9584928941,146946.86128350775,0.9311400153022188
