TAG,Name,last_power,last_eta,state,Energy
TF,Torrino Foresta,100.2895,0.5223515751264906,O,910.3092382419356
PG,Ponte Giurino,33.9674,0.731780695473213,O,464.360501562276
PAR,Partitore,58.5315,0.7877884468751748,O,896.9279201612906
ST,San Teodoro,119.4218,0.7997059502373917,O,1924.2846832593184
ZG,Zilio Group,19702.0,,O,96340.03918177518
