TAG,Name,last_power,last_eta,state,Energy
PG,Ponte Giurino,0.0,0.0,A,0.0
TF,Torrino Foresta,102.2943,0.5380121841251039,O,1483.909628468254
ST,San Teodoro,143.36,0.7795089956689425,A,0.0
PAR,Partitore,57.6835,0.7874913429108334,O,697.4599724290779
ZG,Zilio Group,19702.0,,O,96340.03918177518
