TAG,Name,last_power,last_eta,state,Energy
PG,Ponte Giurino,38.9933,0.7532629254946134,O,1269.8174920396175
PAR,Partitore,66.7725,0.7976665967798766,O,1082.3837510144929
ST,San Teodoro,122.4727,0.8001062158989537,O,2166.3128003529414
TF,Torrino Foresta,243.1438,0.8116405597113441,O,3628.0256028739946
ZG,Zilio Group,20255.2,,O,169039.08078913382
