TAG,Name,last_power,last_eta,state,Energy
TF,Torrino Foresta,0.0,0.0,A,0.0
PG,Ponte Giurino,32.204,0.6934228628040523,O,251.52878582098768
ST,San Teodoro,142.9702,0.7822618642844145,O,992.330421896204
PAR,Partitore,57.905,0.7843602713196912,O,521.8584766743827
ZG,Zilio Group,19702.0,,O,96340.03918177518
