TAG,Name,last_power,last_eta,state,Energy
TF,Torrino Foresta,186.4203,0.6646587807718539,O,1839.18474775
PG,Ponte Giurino,37.9029,0.7583725086851884,O,742.7430482708332
PAR,Partitore,58.469,0.7873412057019354,O,570.6876300498575
ST,San Teodoro,116.5647,0.8000399857942223,O,1251.322507232906
ZG,Zilio Group,19702.0,,O,96340.03918177518
