TAG,Name,last_power,last_eta,state,Energy
TF,Torrino Foresta,105.2365,0.5331162973926206,O,1112.1799579071428
PG,Ponte Giurino,36.2017,0.7574255618198107,O,533.6500552833332
PAR,Partitore,58.3585,0.7878114306129524,O,1011.087440716586
ST,San Teodoro,129.7806,0.8041903897982553,O,2170.100665721739
ZG,Zilio Group,19702.0,,O,96340.03918177518
