TAG,Name,last_power,last_eta,state,Energy
TF,Torrino Foresta,0.0,0.0,A,0.0
PG,Ponte Giurino,32.3506,0.5696723106065378,O,767.8924990210211
PAR,Partitore,65.426,0.7971350046090572,O,593.9755167342344
ST,San Teodoro,140.7894,0.8079398705341434,O,1279.2022635405406
ZG,Zilio Group,0.0,,A,0.0
