TAG,Name,last_power,last_eta,state,Energy
TF,Torrino Foresta,26.5066,0.2446321733220241,W,401.11011428460034
PG,Ponte Giurino,41.3684,0.7763049621265125,O,984.1821980777778
PAR,Partitore,60.1335,0.7866178242555707,O,871.0553900208333
ST,San Teodoro,65.32117,0.7888252514626523,O,1768.924767759653
ZG,Zilio Group,19702.0,,O,96340.03918177518
