TAG,Name,last_power,last_eta,state,Energy
TF,Torrino Foresta,0.0,0.0,A,0.0
PG,Ponte Giurino,32.6933,0.7015840119500721,O,268.7111018472222
PAR,Partitore,57.2195,0.7859922055187102,O,552.5023562500002
ST,San Teodoro,131.7987,0.8068196473259084,O,1064.9650112528657
ZG,Zilio Group,19702.0,,O,96340.03918177518
