TAG,Name,last_power,last_eta,state,Energy
TF,Torrino Foresta,0.0,0.0,O,492.5890225074074
ST,San Teodoro,139.6323,0.7816139026264681,O,1361.182297530926
PAR,Partitore,65.468,0.7946294707616598,O,737.833048808642
PG,Ponte Giurino,91.8188,0.8249631354033713,O,1062.989554814815
ZG,Zilio Group,0.0,,O,322057.0324030924
