TAG,Name,last_power,last_eta,state,Energy
TF,Torrino Foresta,26.8771,0.2473001261214462,O,475.3412368226951
PG,Ponte Giurino,31.7012,0.7145239655531705,O,356.8853107925532
PAR,Partitore,58.4685,0.7915800949176427,O,679.0647460195036
ST,San Teodoro,125.0429,0.8049367376702765,O,1468.1828696365246
ZG,Zilio Group,19702.0,,O,96340.03918177518
