TAG,Name,last_power,last_eta,state,Energy
PG,Ponte Giurino,0.0,0.0,A,0.0
TF,Torrino Foresta,101.9644,0.5373783026522561,O,1500.0546812066666
ST,San Teodoro,143.36,0.7795089956689425,A,0.0
PAR,Partitore,57.6475,0.7835136610749459,O,707.4467342042825
ZG,Zilio Group,19702.0,,O,96340.03918177518
