TAG,Name,last_power,last_eta,state,Energy
ST,San Teodoro,21.48769,0.5755785070234054,O,1831.2270348295567
TF,Torrino Foresta,210.4847,0.7294907075912338,O,3250.7702964930554
PG,Ponte Giurino,46.7111,0.7816895790929849,O,1241.7124488237848
PAR,Partitore,70.71,0.7984827395433127,O,1057.590095703125
ZG,Zilio Group,16183.3,,O,215047.6947484448
