TAG,Name,last_power,last_eta,state,Energy
TF,Torrino Foresta,0.0,0.0,A,0.0
PG,Ponte Giurino,33.7919,0.5942545923530285,O,789.0619124895834
PAR,Partitore,65.491,0.7984898381188911,O,639.7724531659545
ST,San Teodoro,140.9056,0.8091334320650357,O,1377.6868404985755
ZG,Zilio Group,0.0,,A,0.0
