TAG,Name,last_power,last_eta,state,Energy
TF,Torrino Foresta,198.6135,0.7058980000221691,O,3089.1958677867387
PG,Ponte Giurino,27.1513,0.7355733419497208,O,1175.1874750000004
PAR,Partitore,66.636,0.791273673993271,O,1053.150567654321
ST,San Teodoro,114.364,0.7976748258678821,O,1741.244703715829
ZG,Zilio Group,12841.6,,O,238096.50443569577
