TAG,Name,last_power,last_eta,state,Energy
TF,Torrino Foresta,24.0521,0.2324111553015791,O,360.9635780952381
ST,San Teodoro,54.22809,0.7321793205067896,O,1453.1076718497684
PAR,Partitore,69.4,0.7924809621502275,O,813.782277048611
PG,Ponte Giurino,100.7457,0.8185057619856764,O,1039.4237915300002
ZG,Zilio Group,42511.0,,A,124133.37020562009
