TAG,Name,last_power,last_eta,state,Energy
TF,Torrino Foresta,201.5448,0.7100810301859428,O,2466.8127821145126
PG,Ponte Giurino,41.8054,0.7795781004777513,O,983.1118749603176
PAR,Partitore,57.851,0.7823124802544917,O,705.2701340816327
ST,San Teodoro,134.8547,0.8052988869709992,O,1579.6154053275463
ZG,Zilio Group,19702.0,,O,96340.03918177518
