TAG,Name,last_power,last_eta,state,Energy
TF,Torrino Foresta,102.7704,0.5275398055452668,O,1018.097493617094
PG,Ponte Giurino,30.2587,0.7080251310792801,O,512.8731542922884
PAR,Partitore,58.3105,0.7887251733392378,O,971.0304456343284
ST,San Teodoro,116.6962,0.8015106646231324,O,2084.490113123466
ZG,Zilio Group,19702.0,,O,96340.03918177518
