TAG,Name,last_power,last_eta,state,Energy
PG,Ponte Giurino,0.0,-0.0,A,1078.3903778055555
TF,Torrino Foresta,83.6317,0.4935498795186286,O,1007.6570079950396
PAR,Partitore,65.442,0.7883825603920493,O,912.7576689141414
ST,San Teodoro,135.8541,0.8014923888920288,A,0.0
ZG,Zilio Group,44447.2,,A,
CAN,Canaletta,49.61,,O,100.53380688622754
