TAG,Name,last_power,last_eta,state,Energy
TF,Torrino Foresta,212.1958,0.7586611835881386,O,2541.128162371528
PAR,Partitore,65.4015,0.7943085703254091,O,825.7541657712768
ST,San Teodoro,134.7718,0.801265030055244,O,588.4809668788415
PG,Ponte Giurino,78.8312,0.8180927433106953,O,1222.324745329861
ZG,Zilio Group,944.776,,A,3595.04407788738
