TAG,Name,last_power,last_eta,state,Energy
TF,Torrino Foresta,107.3311,0.5606183500349343,O,1149.1054948963963
PAR,Partitore,66.389,0.795832504426411,O,632.5739699999999
ST,San Teodoro,127.3507,0.7999793039151273,O,1233.1146647609646
PG,Ponte Giurino,70.3315,0.8158385052783066,O,977.9948549583332
ZG,Zilio Group,19.7241,,O,319200.618995858
