TAG,Name,last_power,last_eta,state,Energy
TF,Torrino Foresta,0.0,0.0,A,0.0
PAR,Partitore,67.692,0.7932784918921557,O,776.5417751182032
ST,San Teodoro,90.06041,0.8048888866202039,O,1559.229798335816
PG,Ponte Giurino,47.0704,inf,O,193.4885333333333
ZG,Zilio Group,19702.0,,O,96340.03918177518
