TAG,Name,last_power,last_eta,state,Energy
TF,Torrino Foresta,0.0,0.0,A,1178.003994123677
PAR,Partitore,58.412,0.7902442167107234,O,610.386813472222
ST,San Teodoro,129.506,0.8016009771821622,O,1341.3225531808946
PG,Ponte Giurino,71.1698,0.8392320358788995,O,930.3620221571816
ZG,Zilio Group,19702.0,,O,96340.03918177518
