TAG,Name,last_power,last_eta,state,Energy
TF,Torrino Foresta,0.0,0.0,A,2041.7273407432435
PG,Ponte Giurino,42.0749,0.779914146943271,O,1238.470734412162
PAR,Partitore,58.5405,0.7925708255223969,O,1070.1832833108106
ST,San Teodoro,134.0685,0.8036421619163047,O,2307.6055560869368
ZG,Zilio Group,19702.0,,O,96340.03918177518
