TAG,Name,last_power,last_eta,state,Energy
TF,Torrino Foresta,21.8747,0.2170734635883919,O,469.9314416168981
ST,San Teodoro,131.2933,0.7796355629617675,O,1629.038591359338
PG,Ponte Giurino,75.1152,0.7831240800372447,O,919.8774462847224
PAR,Partitore,64.845,0.7892353367350762,O,771.7607598167848
ZG,Zilio Group,36132.1,,O,83102.34161163935
