TAG,Name,last_power,last_eta,state,Energy
PG,Ponte Giurino,0.0,-0.0,A,457.6545284821093
TF,Torrino Foresta,199.3783,0.7185874031452103,O,2655.503604020716
ST,San Teodoro,132.5985,0.7984412542065656,O,1759.1903000847458
PAR,Partitore,65.878,0.7992924312085279,O,974.9425116666667
ZG,Zilio Group,24777.6,,O,30667.2584923138
