TAG,Name,last_power,last_eta,state,Energy
PG,Ponte Giurino,0.0,0.0,A,1074.478480388418
TF,Torrino Foresta,74.8621,0.4693517306587805,O,1048.2747963502825
PAR,Partitore,65.434,0.7881774873552708,O,958.3092536637932
ST,San Teodoro,135.8541,0.8014923888920288,A,0.0
ZG,Zilio Group,44447.2,,A,
CAN,Canaletta,49.57,,O,137.27849479166665
