TAG,Name,last_power,last_eta,state,Energy
PG,Ponte Giurino,0.0,-0.0,A,1067.155974453065
TF,Torrino Foresta,49.5365,0.3713141309891896,O,1022.6437227969348
PAR,Partitore,65.5285,0.7927810010171589,O,935.5433796130952
ST,San Teodoro,135.8541,0.8014923888920288,A,0.0
ZG,Zilio Group,44447.2,,A,
CAN,Canaletta,49.49,,O,117.21979106562702
