,Power,Var2,Var3,Eta
last_value,199.3783,1.9502,1.4222,0.7185874031452103
MaxScala,400.0,3.0,2.0,100.0
Media,210.27161676023576,0.9787,1.41,0.757848447112262
Dev,6.715091382595182,0.983,0.04,0.02420213272207583
