,Power,Var2,Var3,Eta
last_value,0.0,0.0096,0.033100000000000004,0.0
MaxScala,400.0,3.0,2.0,100.0
Media,0.03260135879957607,0.9787,1.41,1.0256
Dev,0.03260135879957607,0.983,0.04,1.0256
