,Power,Var2,Var3,Eta
last_value,74.8621,1.0124,1.5749000000000002,0.46935173065878055
MaxScala,400.0,3.0,2.0,100.0
Media,74.52714605996509,1.6843,1.4729,0.467251719953145
Dev,2.8285104960428495,0.4596,0.0733,0.01773348993020818
