QMean,QDev,PMean,PDev,BarMean,BarDev,etaMean,etaDev,Energy,Resa,Availability
1.4582291916231256,0.6406710183515053,145.17131965506988,79.93672565956533,1.3730827789813516,0.39709252834154235,0.6323799088468037,0.17025010069199334,855069.638014403,179564.62398302465,0.9175481075570282
