,Power,Var2,Var3,Eta
last_value,64.845,0.0305881,26.85091,0.7892353367350762
MaxScala,100.0,0.03,40.0,100.0
Media,53.220608232580126,0.026,26.9,0.647753638055146
Dev,2.300638110062319,0.006,0.5,0.028001309175735734
