,Power,Var2,Var3,Eta
last_value,65.426,0.03048819,26.91091,0.7971350046090572
MaxScala,100.0,0.03,40.0,100.0
Media,53.165309863892595,0.026,26.9,0.647753638055146
Dev,2.298247653833957,0.006,0.5,0.028001309175735734
