,Power,Var2,Var3,Eta
last_value,70.71,0.03138511,28.20546,0.7984827395433127
MaxScala,100.0,0.03,40.0,100.0
Media,57.36211627201351,0.026,26.9,0.647753638055146
Dev,2.4796685936488836,0.006,0.5,0.028001309175735734
