,Power,Var2,Var3,Eta
last_value,65.468,0.030699369999999997,26.82727,0.7946294707616598
MaxScala,100.0,0.03,40.0,100.0
Media,53.367181480881484,0.026,26.9,0.647753638055146
Dev,2.306974227069552,0.006,0.5,0.028001309175735734
