,Power,Var2,Var3,Eta
last_value,65.442,0.03076976,26.96727,0.7883825603920493
MaxScala,100.0,0.05,40.0,100.0
Media,65.20169938646912,0.0290574,26.9588,0.785487648669314
Dev,0.6036671215164127,0.029759,0.04079,0.007272403515870662
