,Power,Var2,Var3,Eta
last_value,57.905,0.02723888,27.09273,0.7843602713196912
MaxScala,100.0,0.03,40.0,100.0
Media,51.60388876189447,0.026,26.9,0.69900768828997
Dev,1.084515388398396,0.006,0.5,0.014690454784466733
