,Power,Var2,Var3,Eta
last_value,58.5405,0.02730018,27.04546,0.7925708255223969
MaxScala,100.0,0.03,40.0,100.0
Media,51.62978280126291,0.026,26.9,0.69900768828997
Dev,1.0850595815752406,0.006,0.5,0.014690454784466733
