,Power,Var2,Var3,Eta
last_value,58.5315,0.02730018,27.20546,0.7877884468751748
MaxScala,100.0,0.03,40.0,100.0
Media,51.935222799258945,0.026,26.9,0.69900768828997
Dev,1.0914787562926254,0.006,0.5,0.014690454784466733
