,Power,Var2,Var3,Eta
last_value,58.412,0.0272911,27.07455,0.7902442167107234
MaxScala,100.0,0.03,40.0,100.0
Media,51.66812515040537,0.026,26.9,0.69900768828997
Dev,1.0858653903751203,0.006,0.5,0.014690454784466733
