,Power,Var2,Var3,Eta
last_value,58.3585,0.02727521,27.14909,0.7878114306129524
MaxScala,100.0,0.03,40.0,100.0
Media,51.780208552358026,0.026,26.9,0.69900768828997
Dev,1.0882209526615707,0.006,0.5,0.014690454784466733
