,Power,Var2,Var3,Eta
last_value,65.491,0.030456410000000003,26.92,0.7984898381188911
MaxScala,100.0,0.03,40.0,100.0
Media,53.12783141963185,0.026,26.9,0.647753638055146
Dev,2.2966275232109603,0.006,0.5,0.028001309175735734
