,Power,Var2,Var3,Eta
last_value,60.1335,0.02758401,27.70364,0.7866178242555707
MaxScala,100.0,0.03,40.0,100.0
Media,53.43608742093315,0.026,26.9,0.69900768828997
Dev,1.1230211616648023,0.006,0.5,0.014690454784466733
