,Power,Var2,Var3,Eta
last_value,66.389,0.03081063,27.06546,0.795832504426411
MaxScala,100.0,0.03,40.0,100.0
Media,54.03613956159986,0.026,26.9,0.647753638055146
Dev,2.335892168927885,0.006,0.5,0.028001309175735734
