,Power,Var2,Var3,Eta
last_value,57.6835,0.027068580000000002,27.05091,0.7874913429108334
MaxScala,100.0,0.03,40.0,100.0
Media,51.202099363319604,0.026,26.9,0.69900768828997
Dev,1.0760713196255878,0.006,0.5,0.014690454784466733
