,Power,Var2,Var3,Eta
last_value,66.7725,0.03086967,27.10727,0.7976665967798766
MaxScala,100.0,0.03,40.0,100.0
Media,54.2233183282878,0.026,26.9,0.647753638055146
Dev,2.343983594755918,0.006,0.5,0.028001309175735734
