,Power,Var2,Var3,Eta
last_value,69.4,0.03122616,28.03455,0.7924809621502275
MaxScala,100.0,0.03,40.0,100.0
Media,56.72578223084855,0.026,26.9,0.647753638055146
Dev,2.4521609345962787,0.006,0.5,0.028001309175735734
