,Power,Var2,Var3,Eta
last_value,58.1505,0.027150320000000002,27.00182,0.7929156693096496
MaxScala,100.0,0.03,40.0,100.0
Media,51.263517863502045,0.026,26.9,0.69900768828997
Dev,1.0773621004209568,0.006,0.5,0.014690454784466733
