,Power,Var2,Var3,Eta
last_value,58.4685,0.027227519999999998,27.11818,0.7915800949176427
MaxScala,100.0,0.03,40.0,100.0
Media,51.63082205475907,0.026,26.9,0.69900768828997
Dev,1.0850814226890806,0.006,0.5,0.014690454784466733
