,Power,Var2,Var3,Eta
last_value,65.4015,0.03064941,26.85455,0.7943085703254091
MaxScala,100.0,0.03,40.0,100.0
Media,53.33451147569526,0.026,26.9,0.647753638055146
Dev,2.3055619572461987,0.006,0.5,0.028001309175735734
