,Power,Var2,Var3,Eta
last_value,57.6475,0.027170760000000002,27.06909,0.7835136610749459
MaxScala,100.0,0.03,40.0,100.0
Media,51.42992102449325,0.026,26.9,0.69900768828997
Dev,1.0808592552498455,0.006,0.5,0.014690454784466733
