,Power,Var2,Var3,Eta
last_value,58.305,0.02741599,27.16182,0.7826805424260523
MaxScala,100.0,0.03,40.0,100.0
Media,52.071874866618764,0.026,26.9,0.69900768828997
Dev,1.094350657489684,0.006,0.5,0.014690454784466733
