,Power,Var2,Var3,Eta
last_value,57.2195,0.0271208,26.83273,0.7859922055187102
MaxScala,100.0,0.03,40.0,100.0
Media,50.887108217202076,0.026,26.9,0.69900768828997
Dev,1.069451416487087,0.006,0.5,0.014690454784466733
