,Power,Var2,Var3,Eta
last_value,0.0,6.814957e-06,28.47455,0.0
MaxScala,100.0,0.03,40.0,100.0
Media,0.5060367980753916,0.026,26.9,26.067756
Dev,0.5060367980753916,0.006,0.5,26.067756
