QMean,QDev,PMean,PDev,BarMean,BarDev,etaMean,etaDev,Energy,Resa,Availability
0.0272870275,0.00010086419825358362,58.344860294117645,0.6061858628632042,27.18759411764706,0.16397360072885564,0.7861602676497298,0.00427947609693265,985.1367591605392,206.87871942371322,1.0
