QMean,QDev,PMean,PDev,BarMean,BarDev,etaMean,etaDev,Energy,Resa,Availability
0.027290279310344823,0.00010548490071491132,58.4046551724138,0.6190162468405463,27.206364310344828,0.16592925830743482,0.7863298183949812,0.004530959539357433,850.0473090038314,178.5099348908046,1.0
