QMean,QDev,PMean,PDev,BarMean,BarDev,etaMean,etaDev,Energy,Resa,Availability
0.027283056142857143,0.00018443658588323863,58.29489285714286,1.2230781481072874,27.109352714285716,0.34620961915712023,0.7878024927778383,0.004263193253088486,1018.1364967757938,213.80866432291668,1.0
