QMean,QDev,PMean,PDev,BarMean,BarDev,etaMean,etaDev,Energy,Resa,Availability
0.027330295692307695,0.0001512482280427085,58.60236923076923,1.0565673966523097,27.254239230769237,0.3090676442429228,0.7864054934066083,0.002878231758042797,956.4557795897435,200.85571371384614,1.0
