QMean,QDev,PMean,PDev,BarMean,BarDev,etaMean,etaDev,Energy,Resa,Availability
0.02729482794871795,5.065813211754237e-05,58.327205128205115,0.39960508899811226,27.09846333333333,0.09684792290462518,0.7882884430677495,0.0034372297932003053,569.403138062678,119.57465899316236,1.0
