QMean,QDev,PMean,PDev,BarMean,BarDev,etaMean,etaDev,Energy,Resa,Availability
0.02729274833670374,0.00013860433946824162,58.336345551061676,0.9490023265816347,27.13301815975733,0.272459449399704,0.7874284644066285,0.003696190235258169,28850.498964924445,6058.604782634134,1.0
