QMean,QDev,PMean,PDev,BarMean,BarDev,etaMean,etaDev,Energy,Resa,Availability
0.027293878930651137,0.000140206462959473,58.342487030174695,0.9622548423611904,27.13201830068819,0.276618042671508,0.7875062363479758,0.003669107313139208,27556.388299077702,5786.841542806317,1.0
