QMean,QDev,PMean,PDev,BarMean,BarDev,etaMean,etaDev,Energy,Resa,Availability
0.02726640163265306,5.674075198752668e-05,58.14263265306123,0.3160515292446139,27.0832306122449,0.061760801663143385,0.7870617746171932,0.003861146715161558,705.1732296938776,148.08637823571428,1.0
