QMean,QDev,PMean,PDev,BarMean,BarDev,etaMean,etaDev,Energy,Resa,Availability
0.027286953359133122,0.00013484503500785775,58.30879024767801,0.9292883669398108,27.11483679566563,0.26235307660267704,0.7877531274748845,0.003914547307234694,9414.84501422751,1977.1174529877771,1.0
