QMean,QDev,PMean,PDev,BarMean,BarDev,etaMean,etaDev,Energy,Resa,Availability
0.022958721774212317,0.01335829067946839,48.76839876632801,28.775254322567978,21.523959503120462,9.453060338943802,0.787028394205064,0.06038346810979316,33599.13734461347,7055.818842368828,0.7420174165457184
