QMean,QDev,PMean,PDev,BarMean,BarDev,etaMean,etaDev,Energy,Resa,Availability
0.0262040643865848,0.005046532181900557,51.6073511193322,10.924785791884704,26.564023957773664,2.4568947134536687,0.731475445127494,0.05583710005316626,272149.5742058845,57151.41058323574,0.9640959969645229
