QMean,QDev,PMean,PDev,BarMean,BarDev,etaMean,etaDev,Energy,Resa,Availability
0.026172459380912477,0.005116031580957542,51.41167088885636,11.020420312252229,26.547897440118124,2.4901585729618,0.7297714550250762,0.05579182295535639,263439.9851845777,55322.396888761315,0.9630497388587885
