QMean,QDev,PMean,PDev,BarMean,BarDev,etaMean,etaDev,Energy,Resa,Availability
0.026263521165377546,0.0049134776112352,51.974314498408006,10.734753100556746,26.595118451307236,2.393404114575061,0.734627794099322,0.055758490440944004,289872.5905514794,60873.24401581068,0.9660522893403292
