QMean,QDev,PMean,PDev,BarMean,BarDev,etaMean,etaDev,Energy,Resa,Availability
0.026407164466035398,0.00516727918950392,53.42593843131091,11.42656416399758,26.562148232121974,2.8072048139875636,0.750150442464334,0.05275039929867317,425028.5097742948,89255.98705260191,0.9639421565545426
