QMean,QDev,PMean,PDev,BarMean,BarDev,etaMean,etaDev,Energy,Resa,Availability
0.02626510165763978,0.004910139350490492,51.98431127132686,10.730431099699135,26.596213948578214,2.3919126041601113,0.734705373510405,0.05575357842448192,290344.0460402236,60972.24966844696,0.9661009359186781
