QMean,QDev,PMean,PDev,BarMean,BarDev,etaMean,etaDev,Energy,Resa,Availability
0.02642228588726903,0.004464808177542831,52.97822964528579,9.970531259801799,26.666575719746366,2.1764409089847074,0.7439732287538583,0.05403204628250637,360459.18004673097,75696.4278098135,0.9721374747289101
