QMean,QDev,PMean,PDev,BarMean,BarDev,etaMean,etaDev,Energy,Resa,Availability
0.028374172936991626,0.008122229256133732,60.67830054502016,17.646018259642062,25.417044261434228,5.847267346856198,0.7916205021855957,0.03620449538997223,407129.131091802,85497.11752927842,0.9224652829625205
