QMean,QDev,PMean,PDev,BarMean,BarDev,etaMean,etaDev,Energy,Resa,Availability
0.026166615009408468,0.00512866699320839,51.37537895589029,11.03737194722626,26.544884233634267,2.496220925870186,0.7294557713908435,0.05577546986316185,261899.38036805647,54998.86987729186,0.9628575634169079
