QMean,QDev,PMean,PDev,BarMean,BarDev,etaMean,etaDev,Energy,Resa,Availability
0.02626892299548331,0.004901215971963156,52.00799446823697,10.717005545641522,26.598358604376337,2.387646234118107,0.7349056901813901,0.055736126370162925,291585.63808587095,61232.9839980329,0.9662294789436117
