,Power,Var2,Var3,Eta
last_value,107.3311,1.2489,1.5324,0.5606183500349343
MaxScala,400.0,3.0,2.0,100.0
Media,112.67153988383116,0.9787,1.41,0.588512861468565
Dev,7.3407742392486295,0.983,0.04,0.038342779883803635
