,Power,Var2,Var3,Eta
last_value,24.0521,0.6515,1.5879,0.23241115530157916
MaxScala,400.0,3.0,2.0,100.0
Media,20.643768248856244,0.9787,1.41,0.199477053084543
Dev,21.117223998798426,0.983,0.04,0.204051971608424
