,Power,Var2,Var3,Eta
last_value,210.4847,1.9109,1.5094,0.7294907075912338
MaxScala,400.0,3.0,2.0,100.0
Media,207.16221335835752,0.9787,1.41,0.717975746498222
Dev,6.986664653449084,0.983,0.04,0.02421414450431425
