,Power,Var2,Var3,Eta
last_value,26.8771,0.6832,1.5902,0.24730012612144628
MaxScala,400.0,3.0,2.0,100.0
Media,21.679587420936713,0.9787,1.41,0.199477053084543
Dev,22.176799228252243,0.983,0.04,0.204051971608424
