,Power,Var2,Var3,Eta
last_value,207.7242,1.9201,1.4678,0.7367801241890348
MaxScala,400.0,3.0,2.0,100.0
Media,207.80037991006483,0.9787,1.41,0.737050327870639
Dev,5.744744817992962,0.983,0.04,0.02037612276487366
