,Power,Var2,Var3,Eta
last_value,105.2365,1.2637,1.5614999999999999,0.5331162973926206
MaxScala,400.0,3.0,2.0,100.0
Media,112.9616585346827,0.9787,1.41,0.572251083467614
Dev,6.317526643163854,0.983,0.04,0.032003880903324844
