,Power,Var2,Var3,Eta
last_value,26.5066,0.6738,1.6075,0.2446321733220241
MaxScala,400.0,3.0,2.0,100.0
Media,21.61391277152473,0.9787,1.41,0.199477053084543
Dev,22.109618359626076,0.983,0.04,0.204051971608424
