,Power,Var2,Var3,Eta
last_value,186.4203,1.9142,1.4647,0.6646587807718539
MaxScala,400.0,3.0,2.0,100.0
Media,206.72433316412656,0.9787,1.41,0.737050327870639
Dev,5.714996970706434,0.983,0.04,0.02037612276487366
