,Power,Var2,Var3,Eta
last_value,21.8747,0.6318,1.5944,0.21707346358839194
MaxScala,400.0,3.0,2.0,100.0
Media,20.101492927677192,0.9787,1.41,0.199477053084543
Dev,20.562511831508292,0.983,0.04,0.204051971608424
