,Power,Var2,Var3,Eta
last_value,101.9644,1.2062,1.5724999999999998,0.5373783026522561
MaxScala,400.0,3.0,2.0,100.0
Media,92.80010676166754,0.9787,1.41,0.489080148145167
Dev,1.327676305832395,0.983,0.04,0.006997191565878191
