,Power,Var2,Var3,Eta
last_value,100.2895,1.2483,1.5375,0.5223515751264906
MaxScala,400.0,3.0,2.0,100.0
Media,112.99221334971416,0.9787,1.41,0.588512861468565
Dev,7.361666751412675,0.983,0.04,0.038342779883803635
