,Power,Var2,Var3,Eta
last_value,243.1438,2.0476,1.4625,0.8116405597113441
MaxScala,400.0,3.0,2.0,100.0
Media,227.6785369622671,0.9787,1.41,0.760015822629713
Dev,4.825225208722909,0.983,0.04,0.016107128740856846
