,Power,Var2,Var3,Eta
last_value,102.2943,1.2086,1.5725999999999998,0.5380121841251039
MaxScala,400.0,3.0,2.0,100.0
Media,92.99066614962138,0.9787,1.41,0.489080148145167
Dev,1.3304026085605807,0.983,0.04,0.006997191565878191
