,Power,Var2,Var3,Eta
last_value,83.6317,1.0877,1.5573,0.49354987951862866
MaxScala,400.0,3.0,2.0,100.0
Media,85.16049785868972,1.6843,1.4729,0.50257203258935
Dev,2.4161891537888,0.4596,0.0733,0.014259065231804202
