,Power,Var2,Var3,Eta
last_value,201.5448,1.9619,1.4462,0.7100810301859428
MaxScala,400.0,3.0,2.0,100.0
Media,209.19959075899152,0.9787,1.41,0.737050327870639
Dev,5.783426697579179,0.983,0.04,0.02037612276487366
