,Power,Var2,Var3,Eta
last_value,212.1958,1.924,1.4531999999999998,0.7586611835881386
MaxScala,400.0,3.0,2.0,100.0
Media,206.15129302262852,0.9787,1.41,0.737050327870639
Dev,5.699154991087353,0.983,0.04,0.02037612276487366
