,Power,Var2,Var3,Eta
last_value,102.7704,1.2542,1.5527,0.5275398055452668
MaxScala,400.0,3.0,2.0,100.0
Media,114.64860384469935,0.9787,1.41,0.588512861468565
Dev,7.469583876609155,0.983,0.04,0.038342779883803635
