QMean,QDev,PMean,PDev,BarMean,BarDev,etaMean,etaDev,Energy,Resa,Availability
1.218592857142857,0.9035779751823824,117.53843571428573,89.09937648305487,0.9671557142857143,0.6741340590789076,0.6616182639488065,0.0024216426321775047,2053.5597197559528,431.2475411487501,0.6714285714285714
