QMean,QDev,PMean,PDev,BarMean,BarDev,etaMean,etaDev,Energy,Resa,Availability
1.4664475,0.6947736138439268,117.8970875,59.848180187354856,1.04545,0.4802057517356493,0.6329226578552106,0.0386344323048918,1154.4744801527777,242.4396408320833,0.825
