QMean,QDev,PMean,PDev,BarMean,BarDev,etaMean,etaDev,Energy,Resa,Availability
0.6877294117647059,0.002775473400188818,27.65173823529412,0.5207238683481621,1.6081941176470589,0.003211646194753815,0.24991838244817555,0.004251619111834364,246.73799648120914,51.814979261053914,1.0
