QMean,QDev,PMean,PDev,BarMean,BarDev,etaMean,etaDev,Energy,Resa,Availability
1.9624723404255322,0.006700609757190233,201.82175319148936,0.620632576009921,1.44668085106383,0.0018850631568935745,0.7106159371985754,0.0014141070398567882,2399.436399054374,503.8816438014185,1.0
