QMean,QDev,PMean,PDev,BarMean,BarDev,etaMean,etaDev,Energy,Resa,Availability
0.00921029411764706,0.0002243550926822405,0.0,0.0,0.04036323529411765,0.0023687241795435627,,,0.0,0.0,0.0
