QMean,QDev,PMean,PDev,BarMean,BarDev,etaMean,etaDev,Energy,Resa,Availability
1.35004375,0.3501886842036316,123.17891458333334,49.25859949608203,1.5028083333333333,0.07219236407374088,0.5858781607928228,0.12270989656974801,1467.6767672604167,308.2121211246875,1.0
