QMean,QDev,PMean,PDev,BarMean,BarDev,etaMean,etaDev,Energy,Resa,Availability
0.9032476923076923,0.3757683914768991,61.04108615384615,47.39886959428099,1.5101353846153847,0.2852016859540033,0.38860346300431586,0.17775475356598056,1033.2051624401709,216.97308411243588,0.9692307692307692
