QMean,QDev,PMean,PDev,BarMean,BarDev,etaMean,etaDev,Energy,Resa,Availability
0.851619298245614,0.3727376291091275,55.00495087719298,47.48858223738138,1.506775438596491,0.3043741155284973,0.36726752522491773,0.18077348476516708,816.2734710175439,171.4174289136842,0.9649122807017544
