QMean,QDev,PMean,PDev,BarMean,BarDev,etaMean,etaDev,Energy,Resa,Availability
1.069799645748988,0.6620975142647973,86.51482272267206,75.34860091589316,1.343682085020243,0.5155204103277373,0.46124810071334,0.18473378119304168,42810.97084419185,8990.303877280288,0.8699392712550608
