QMean,QDev,PMean,PDev,BarMean,BarDev,etaMean,etaDev,Energy,Resa,Availability
1.8624593798449611,0.37330517385997103,183.38795875968992,37.63964560450027,1.4047269767441861,0.2696467471220366,0.675119645611692,0.01762811891273436,29611.90840642541,6218.500765349336,0.9643410852713178
