QMean,QDev,PMean,PDev,BarMean,BarDev,etaMean,etaDev,Energy,Resa,Availability
1.909406117647059,0.05345642632570541,204.0105971764706,7.309680375607744,1.4685489411764705,0.01234888535322634,0.7272195464344734,0.011940355690931811,21809.75289115059,4580.048107141623,1.0
