QMean,QDev,PMean,PDev,BarMean,BarDev,etaMean,etaDev,Energy,Resa,Availability
1.9099893771626295,0.12476709133792833,189.49679698961936,16.548558755313096,1.4538287197231836,0.09731407679241225,0.6786615718757114,0.029145335601017508,138293.23594104845,29041.579547620175,0.9972318339100346
