QMean,QDev,PMean,PDev,BarMean,BarDev,etaMean,etaDev,Energy,Resa,Availability
0.6409341314031181,0.5981446003217511,48.27811057906459,56.8846910264066,0.918684688195991,0.7330407303213731,0.458720788520548,0.1393436083485977,21666.344339776508,4549.932311353066,0.5952115812917594
