QMean,QDev,PMean,PDev,BarMean,BarDev,etaMean,etaDev,Energy,Resa,Availability
1.1116340147643384,0.6860226580396944,92.85726916524703,76.87269400498948,1.3145585462805225,0.535875083534106,0.4871607662602016,0.1787983611376079,40942.91085088539,8598.011278685932,0.8551959114139693
