QMean,QDev,PMean,PDev,BarMean,BarDev,etaMean,etaDev,Energy,Resa,Availability
1.0706113407258064,0.6608937527369056,86.5855232358871,75.2068017600749,1.3444497983870967,0.5146220469035829,0.4615802610032849,0.1843734473310254,43026.583288595895,9035.582490605138,0.8704637096774194
