QMean,QDev,PMean,PDev,BarMean,BarDev,etaMean,etaDev,Energy,Resa,Availability
1.1482105546206007,0.8587428828353053,113.75123414839382,92.5398529358687,1.0153963846629168,0.6609886322785335,0.6466116301975505,0.14903212277894334,579880.1251122958,121774.82627358212,0.6846507944364698
