QMean,QDev,PMean,PDev,BarMean,BarDev,etaMean,etaDev,Energy,Resa,Availability
1.0480882635805209,0.8522753725759278,100.41883187907047,90.920259080461,0.9817485522010138,0.6850744708128068,0.6098678938719035,0.16912497799232978,683241.1965044857,143480.651265942,0.6554544108940201
