QMean,QDev,PMean,PDev,BarMean,BarDev,etaMean,etaDev,Energy,Resa,Availability
0.9806283535120439,0.860691343941342,93.92093726054247,90.89004040821429,0.9228184148472302,0.7000416541823685,0.6112689333958776,0.16645483135261963,747185.6161745156,156908.97939664827,0.6130745400518429
