QMean,QDev,PMean,PDev,BarMean,BarDev,etaMean,etaDev,Energy,Resa,Availability
1.1674531446134713,0.8577416805173261,115.62100473115194,92.1946435580722,1.0249916575383085,0.6569455141764315,0.6478409342887628,0.14593235272802765,609724.0604043166,128042.05268490649,0.6916379640260237
