QMean,QDev,PMean,PDev,BarMean,BarDev,etaMean,etaDev,Energy,Resa,Availability
1.4247308549908648,0.6533052645994843,140.79602198814274,80.95563368484227,1.3595979343003095,0.42026591290657545,0.6252719924343744,0.17040171270996696,944689.4085623327,198384.77579808986,0.9074909579029792
