QMean,QDev,PMean,PDev,BarMean,BarDev,etaMean,etaDev,Energy,Resa,Availability
0.9750828865315102,0.8613650815430096,93.38660786735818,90.90599908534654,0.9179139264595102,0.7010481888893852,0.6112709797158861,0.16645677386253213,747145.7560759325,156900.60877594582,0.6095866729530096
