QMean,QDev,PMean,PDev,BarMean,BarDev,etaMean,etaDev,Energy,Resa,Availability
1.1472171001181917,0.8594598779202052,113.66797359893629,92.58876876122818,1.013897827878937,0.661574150472529,0.6468381768704715,0.1488118569963663,582421.9406483568,122308.60753615493,0.683689549886733
