QMean,QDev,PMean,PDev,BarMean,BarDev,etaMean,etaDev,Energy,Resa,Availability
1.1385364531587474,0.8443406022546941,111.06738646508279,91.5390639338592,1.0420432935524448,0.6571747628798768,0.626174963928396,0.16404183217760446,622363.6935970513,130696.37565538078,0.6994240460763139
