QMean,QDev,PMean,PDev,BarMean,BarDev,etaMean,etaDev,Energy,Resa,Availability
0.9568796928635953,0.6591661762752574,88.23229168925023,76.18478664010195,1.1606810478771454,0.6289730981162196,0.5684784576568291,0.18486179224932567,122077.26744038991,25636.226162481882,0.7519421860885276
