QMean,QDev,PMean,PDev,BarMean,BarDev,etaMean,etaDev,Energy,Resa,Availability
1.1405564889240507,0.8456818053134427,111.43330058318263,91.57967287134755,1.0396077821052199,0.6575630378831128,0.6284597691932645,0.16186765528182462,621509.8240795407,130517.06305670354,0.6981012658227848
