QMean,QDev,PMean,PDev,BarMean,BarDev,etaMean,etaDev,Energy,Resa,Availability
1.1386465213579136,0.844064372742132,111.06730036420863,91.5095093200205,1.0424038639652569,0.6570759569839061,0.6260895028479643,0.16400477755290926,622799.674771072,130787.93170192512,0.6996402877697842
