QMean,QDev,PMean,PDev,BarMean,BarDev,etaMean,etaDev,Energy,Resa,Availability
1.4463333501853726,0.6512841538313751,143.97868368722618,80.67898761509703,1.362122122514324,0.4133894106688173,0.6323799088468037,0.17025010069199334,855074.2446625703,179565.59137913975,0.910010111223458
