,Power,Var2,Var3,Eta
last_value,30.2587,0.013824099999999999,30.9034,0.7080251310792801
MaxScala,248.0,0.08,50.0,100.0
Media,30.680007159040393,0.012,31.5,0.717883322492137
Dev,1.292729655451547,0.015,0.9,0.030248658526346284
