,Power,Var2,Var3,Eta
last_value,100.7457,0.040737,30.2035,0.8185057619856764
MaxScala,248.0,0.08,50.0,100.0
Media,105.49780427326567,0.012,31.5,0.857114106850268
Dev,1.7466835346583476,0.015,0.9,0.014190883953194677
