,Power,Var2,Var3,Eta
last_value,37.9029,0.016168199999999997,30.9008,0.7583725086851884
MaxScala,248.0,0.08,50.0,100.0
Media,37.52279309569461,0.012,31.5,0.750767216568051
Dev,1.9081104746043345,0.015,0.9,0.03817804251057766
