,Power,Var2,Var3,Eta
last_value,71.1698,0.027843299999999998,30.4463,0.8392320358788995
MaxScala,248.0,0.08,50.0,100.0
Media,70.59762932976993,0.012,31.5,0.832485017390055
Dev,1.945123602058974,0.015,0.9,0.02293683613825037
