,Power,Var2,Var3,Eta
last_value,38.9933,0.016744099999999998,30.9046,0.7532629254946134
MaxScala,248.0,0.08,50.0,100.0
Media,38.86410749152464,0.012,31.5,0.750767216568051
Dev,1.9763190443100511,0.015,0.9,0.03817804251057766
