,Power,Var2,Var3,Eta
last_value,33.9674,0.014918200000000001,31.1033,0.731780695473213
MaxScala,248.0,0.08,50.0,100.0
Media,33.843541150006395,0.012,31.5,0.729112327703268
Dev,1.3702664386867176,0.015,0.9,0.029520496931933815
