,Power,Var2,Var3,Eta
last_value,0.0,0.00063,32.2261,0.0
MaxScala,248.0,0.08,50.0,100.0
Media,65.39772399882592,0.012,31.5,32.2
Dev,65.39772399882592,0.015,0.9,32.2
