,Power,Var2,Var3,Eta
last_value,32.204,0.0150358,30.8764,0.6934228628040523
MaxScala,248.0,0.08,50.0,100.0
Media,33.33999462326595,0.012,31.5,0.717883322492137
Dev,1.4048106161993184,0.015,0.9,0.030248658526346284
