,Power,Var2,Var3,Eta
last_value,0.0,-5.0299999999999996e-05,32.4066,-0.0
MaxScala,248.0,0.13,50.0,100.0
Media,-5.283295797789442,0.0192882,31.152,32.4
Dev,-5.283295797789442,0.0172066,0.9773,32.4
