,Power,Var2,Var3,Eta
last_value,0.0,0.0006483,32.3205,0.0
MaxScala,248.0,0.08,50.0,100.0
Media,67.49450654249728,0.012,31.5,32.2
Dev,67.49450654249728,0.015,0.9,32.2
