,Power,Var2,Var3,Eta
last_value,32.6933,0.0149814,31.0934,0.7015840119500721
MaxScala,248.0,0.08,50.0,100.0
Media,33.9760993085424,0.012,31.5,0.729112327703268
Dev,1.3756334892270525,0.015,0.9,0.029520496931933815
