,Power,Var2,Var3,Eta
last_value,31.7012,0.0142835,31.0503,0.7145239655531705
MaxScala,248.0,0.08,50.0,100.0
Media,32.34844013257503,0.012,31.5,0.729112327703268
Dev,1.3097323847131077,0.015,0.9,0.029520496931933815
