,Power,Var2,Var3,Eta
last_value,42.0749,0.017502300000000002,30.8122,0.779914146943271
MaxScala,248.0,0.08,50.0,100.0
Media,40.50247797681858,0.012,31.5,0.750767216568051
Dev,2.0596335213613517,0.015,0.9,0.03817804251057766
