,Power,Var2,Var3,Eta
last_value,32.3506,0.0182668,31.0768,0.5696723106065378
MaxScala,248.0,0.08,50.0,100.0
Media,43.092427782549095,0.012,31.5,0.758828674105893
Dev,2.419256232798795,0.015,0.9,0.04260147533856429
