,Power,Var2,Var3,Eta
last_value,46.7111,0.0192737,30.9929,0.7816895790929849
MaxScala,248.0,0.08,50.0,100.0
Media,46.105508601111765,0.012,31.5,0.771555275133128
Dev,2.089849114016383,0.015,0.9,0.034972699728829215
