,Power,Var2,Var3,Eta
last_value,64.4482,0.0260812,30.7861,0.8023615054536359
MaxScala,248.0,0.08,50.0,100.0
Media,66.1960535171515,0.012,31.5,0.824121777723988
Dev,1.8562431524260488,0.015,0.9,0.02310969197384205
