,Power,Var2,Var3,Eta
last_value,36.2017,0.0153802,31.0648,0.7574255618198107
MaxScala,248.0,0.08,50.0,100.0
Media,34.84844859262185,0.012,31.5,0.729112327703268
Dev,1.4109534027517112,0.015,0.9,0.029520496931933815
