,Power,Var2,Var3,Eta
last_value,70.3315,0.028172,30.5893,0.8158385052783066
MaxScala,248.0,0.08,50.0,100.0
Media,71.76655627524659,0.012,31.5,0.832485017390055
Dev,1.9773301706408821,0.015,0.9,0.02293683613825037
