,Power,Var2,Var3,Eta
last_value,33.7919,0.018285799999999998,31.0862,0.5942545923530285
MaxScala,248.0,0.08,50.0,100.0
Media,43.15029787314735,0.012,31.5,0.758828674105893
Dev,2.422505123255349,0.015,0.9,0.04260147533856429
