,Power,Var2,Var3,Eta
last_value,41.8054,0.0173091,30.9699,0.7795781004777513
MaxScala,248.0,0.08,50.0,100.0
Media,40.260396971489506,0.012,31.5,0.750767216568051
Dev,2.0473232090454982,0.015,0.9,0.03817804251057766
