,Power,Var2,Var3,Eta
last_value,78.8312,0.0317213,30.3659,0.8180927433106953
MaxScala,248.0,0.08,50.0,100.0
Media,81.36372520916287,0.012,31.5,0.844374729324704
Dev,1.9567990932664308,0.015,0.9,0.02030722782753802
