,Power,Var2,Var3,Eta
last_value,75.1152,0.0311841,30.7472,0.7831240800372447
MaxScala,248.0,0.08,50.0,100.0
Media,80.1507231840843,0.012,31.5,0.83562263507061
Dev,1.9347536654065365,0.015,0.9,0.02017104639700329
