,Power,Var2,Var3,Eta
last_value,49.9579,0.019847,31.5416,0.797750568355772
MaxScala,248.0,0.08,50.0,100.0
Media,48.365406160792446,0.012,31.5,0.772320899267782
Dev,1.8117137233466565,0.015,0.9,0.028930272339264596
