,Power,Var2,Var3,Eta
last_value,41.3684,0.017214,30.9454,0.7763049621265125
MaxScala,248.0,0.08,50.0,100.0
Media,40.007522864206955,0.012,31.5,0.750767216568051
Dev,2.0344640455063794,0.015,0.9,0.03817804251057766
