QMean,QDev,PMean,PDev,BarMean,BarDev,etaMean,etaDev,Energy,Resa,Availability
0.013007246268656715,0.012943717517261616,30.720676119402977,33.052133908201725,31.3815776119403,0.9468574440482163,0.7603094797771472,0.059129775574256235,512.8731542922884,107.70336240138056,0.6567164179104478
