QMean,QDev,PMean,PDev,BarMean,BarDev,etaMean,etaDev,Energy,Resa,Availability
0.035068856097560976,0.015424765789154391,88.62466341463414,39.491133990418014,30.112934146341463,0.8575231777027615,0.8416866513575341,0.03251400949600951,889.8408566070459,186.86657988747965,0.9512195121951219
