QMean,QDev,PMean,PDev,BarMean,BarDev,etaMean,etaDev,Energy,Resa,Availability
0.0340443,0.012576364560513796,87.08126842105264,33.048592723308325,30.425307894736846,0.5276904497213747,0.8405056701563752,0.030171754029416357,823.7646100219299,172.99056810460527,0.9736842105263158
