QMean,QDev,PMean,PDev,BarMean,BarDev,etaMean,etaDev,Energy,Resa,Availability
0.03592776785714285,0.008137985193152347,90.21623214285715,20.828326440314978,30.448978571428572,0.3318313985155961,0.8228720556015061,0.016481404033833975,1276.7601653373017,268.11963472083335,1.0
