QMean,QDev,PMean,PDev,BarMean,BarDev,etaMean,etaDev,Energy,Resa,Availability
0.022444890476190478,0.019225179718781127,57.069895238095235,48.96296125426974,30.99140714285715,1.263735558797024,0.8211306923409655,0.048988305227063274,790.5290182883598,166.01109384055556,0.7380952380952381
