QMean,QDev,PMean,PDev,BarMean,BarDev,etaMean,etaDev,Energy,Resa,Availability
0.03407024418604652,0.014103490750879395,85.65820930232557,36.82984967964836,30.187834883720935,0.8013532060684287,0.8258385058381986,0.053733253874192366,915.5196998126614,192.2591369606589,1.0
