QMean,QDev,PMean,PDev,BarMean,BarDev,etaMean,etaDev,Energy,Resa,Availability
0.02772994967476891,0.017410209445190967,69.62632314275932,44.65632556073989,30.430772783293392,0.8879536037999347,0.8293634765274753,0.044785071936374724,50830.00094714001,10674.300198899402,0.8267716535433071
