QMean,QDev,PMean,PDev,BarMean,BarDev,etaMean,etaDev,Energy,Resa,Availability
0.020365638080495355,0.01652683006515879,50.210600773993804,42.658238502015216,30.728051238390094,0.7393316381065249,0.7972698297035135,0.06054324029782323,8107.617286089611,1702.5996300788183,0.7662538699690402
