QMean,QDev,PMean,PDev,BarMean,BarDev,etaMean,etaDev,Energy,Resa,Availability
0.0293948396,0.013515729916789575,73.72805053333333,35.417882119950555,30.39624942222222,0.7127357501110302,0.8202665718957362,0.04882940116788949,41719.160754384924,8761.023758420833,0.9551111111111111
