QMean,QDev,PMean,PDev,BarMean,BarDev,etaMean,etaDev,Energy,Resa,Availability
0.01781839984901862,0.016554432988282564,43.83771922496226,42.75228079811931,30.943658329139407,0.7902107565538153,0.7953126786282521,0.06179456725181991,21773.95159615417,4572.529835192376,0.6834423754403623
