QMean,QDev,PMean,PDev,BarMean,BarDev,etaMean,etaDev,Energy,Resa,Availability
0.017853678878822197,0.016956859990232834,44.03808657984145,43.74630147640241,30.933140713476785,0.7964361362458242,0.7994964625193451,0.061250927966784476,19441.04146873498,4082.6187084343455,0.665911664779162
