QMean,QDev,PMean,PDev,BarMean,BarDev,etaMean,etaDev,Energy,Resa,Availability
0.029791423191911925,0.01538744640772314,75.36984896318769,39.95603030888193,30.535829005723578,1.0223859688228947,0.8247905456952292,0.048375223932144384,603001.5850308572,126630.33285648002,0.8927845369530542
