QMean,QDev,PMean,PDev,BarMean,BarDev,etaMean,etaDev,Energy,Resa,Availability
0.032499510298390544,0.013796232698772407,82.19710795233348,36.05399041460086,30.433665166405547,0.7776480355569924,0.8286906921946967,0.04457795429544781,433464.165533632,91027.47476206272,0.9404643213217491
