QMean,QDev,PMean,PDev,BarMean,BarDev,etaMean,etaDev,Energy,Resa,Availability
0.021490054205714287,0.016875084620610794,53.78947419047619,40.88653539155069,30.976407100952382,1.0691720158377365,0.7932320955051715,0.035587945430663175,360907.42488808295,75790.55922649741,0.7663238095238095
