QMean,QDev,PMean,PDev,BarMean,BarDev,etaMean,etaDev,Energy,Resa,Availability
0.032925962533886646,0.013502716915852012,83.31958134269719,35.30002897900063,30.423008820351633,0.7772412111716507,0.829526577973486,0.04379274888788291,424766.55846832396,89200.97727834803,0.9463706905019154
