QMean,QDev,PMean,PDev,BarMean,BarDev,etaMean,etaDev,Energy,Resa,Availability
0.030123441755518763,0.015188136992655522,75.99707576526858,39.630129104138476,30.514545080941872,1.0343670718341664,0.8257156859038619,0.04709594460863571,517038.33637903765,108578.0506395979,0.8974245768947756
