QMean,QDev,PMean,PDev,BarMean,BarDev,etaMean,etaDev,Energy,Resa,Availability
0.02990725345102541,0.015327873187798617,75.43762779315551,39.983355113386345,30.53481693822345,1.0243759668388923,0.8250175298910158,0.047541777728752906,600142.1829226505,126029.85841375659,0.8922370407649723
