QMean,QDev,PMean,PDev,BarMean,BarDev,etaMean,etaDev,Energy,Resa,Availability
0.03154731939452776,0.014468476307887123,79.71733551151581,37.76994226373512,30.47040784681307,0.7920719539481451,0.8273332558627119,0.04590900259953557,447110.17680935253,93893.13712996403,0.922692376361364
