QMean,QDev,PMean,PDev,BarMean,BarDev,etaMean,etaDev,Energy,Resa,Availability
0.031640748735645076,0.01442150403729937,79.9651882110174,37.64504472208417,30.466351116992644,0.7898854532297926,0.827597293363007,0.045662538872837194,446246.5991011216,93711.78581123553,0.9238740355284407
