QMean,QDev,PMean,PDev,BarMean,BarDev,etaMean,etaDev,Energy,Resa,Availability
0.03288592393523949,0.013525789128699936,83.21431767839687,35.359327548865046,30.423853626588468,0.7771388703742557,0.8294635507074809,0.04384630995013622,426280.9449921526,89518.99844835205,0.9460899315738025
