,Power,Var2,Var3,Eta
last_value,58.2195,0.023715,30.787,0.7971122953593163
MaxScala,248.0,0.08,50.0,100.0
Media,59.7355385398428,0.012,31.5,0.817869137316861
Dev,1.8423233482692358,0.015,0.9,0.025224170474376306
