,Power,Var2,Var3,Eta
last_value,0.0,-4.43e-05,32.1158,-0.0
MaxScala,248.0,0.08,50.0,100.0
Media,-4.5543972834057715,0.012,31.5,32.0
Dev,-4.5543972834057715,0.015,0.9,32.0
