,Power,Var2,Var3,Eta
last_value,0.0,0.00017999999999999998,32.1525,0.0
MaxScala,248.0,0.13,50.0,100.0
Media,18.5265986304096,0.0192882,31.152,32.0
Dev,18.5265986304096,0.0172066,0.9773,32.0
