QMean,QDev,PMean,PDev,BarMean,BarDev,etaMean,etaDev,Energy,Resa,Availability
0.009454239440993788,0.016438926703116828,23.025325854037263,42.767104994652975,31.879234549689443,1.0260152216191567,0.8397383561744272,0.03767129193479085,7410.950567151979,1556.2996191019156,0.2453416149068323
