,Power,Var2,Var3,Eta
last_value,65.5285,0.03065395,26.95455,0.7927810010171589
MaxScala,100.0,0.05,40.0,100.0
Media,64.92565704751682,0.0290574,26.9588,0.785487648669314
Dev,0.6011113954273688,0.029759,0.04079,0.007272403515870662
