,Power,Var2,Var3,Eta
last_value,65.434,0.03074705,26.99091,0.7881774873552708
MaxScala,100.0,0.05,40.0,100.0
Media,65.2106912815951,0.0290574,26.9588,0.785487648669314
Dev,0.6037503725896017,0.029759,0.04079,0.007272403515870662
