,Power,Var2,Var3,Eta
last_value,65.878,0.030622160000000002,26.90546,0.7992924312085279
MaxScala,100.0,0.03,40.0,100.0
Media,53.38811241246947,0.026,26.9,0.647753638055146
Dev,2.3078790363246435,0.006,0.5,0.028001309175735734
