QMean,QDev,PMean,PDev,BarMean,BarDev,etaMean,etaDev,Energy,Resa,Availability
1.6119128855098364e-05,0.00011550236607447432,0.0,0.0,5.861372091803278,4.217223757530233,,,0.0,0.0,0.0
