QMean,QDev,PMean,PDev,BarMean,BarDev,etaMean,etaDev,Energy,Resa,Availability
0.02729262468812877,0.00013834309103121024,58.334643863179075,0.9472742081786288,27.132745065392356,0.2718860433804135,0.7874171384957664,0.00369327096441587,28985.593311887995,6086.974595496478,1.0
