QMean,QDev,PMean,PDev,BarMean,BarDev,etaMean,etaDev,Energy,Resa,Availability
0.006572210997174172,0.012549309300574024,13.886006369426752,26.93424921904432,10.919526601273883,9.24528984768294,0.7685945343273258,0.13387764943810138,543.4095731475584,114.11601036098726,0.21019108280254778
