QMean,QDev,PMean,PDev,BarMean,BarDev,etaMean,etaDev,Energy,Resa,Availability
0.026430520241468775,0.005162075017101877,53.49395545482963,11.430345221590219,26.564322745976863,2.799487581962973,0.7504135457892982,0.05270842005908382,427981.7488480125,89876.16725808261,0.9641450453266646
