QMean,QDev,PMean,PDev,BarMean,BarDev,etaMean,etaDev,Energy,Resa,Availability
0.02869730558073559,0.007568726526398197,61.41238287464375,16.456266588394143,25.673474125326475,5.4265288690294575,0.7920659738536998,0.03407437504867742,361706.7038320625,75958.40780473311,0.933472287209154
