,Power,Var2,Var3,Eta
last_value,-0.4592,4.51062,0.09960901798497655,-0.010216650033947242
MaxScala,250.0,,,100.0
Media,0.0,,,0.0
Dev,0.0,,,0.0
