,Power,Var2,Var3,Eta
last_value,-0.4816,1.082397,0.10301194422107596,-0.043177138012467926
MaxScala,250.0,,,100.0
Media,0.0,,,0.0
Dev,0.0,,,0.0
