,Power,Var2,Var3,Eta
last_value,-0.4496,0.000183,0.09280326357699022,-264.63878938698787
MaxScala,250.0,,,100.0
Media,0.0,,,0.0
Dev,0.0,,,0.0
