,Power,Var2,Var3,Eta
last_value,-0.4384,0.901978,0.15257438170514054,-0.031844506241274655
MaxScala,250.0,,,100.0
Media,0.0,,,0.0
Dev,0.0,,,0.0
