,Power,Var2,Var3,Eta
last_value,-0.2832,0.180847,0.17541216388491185,-0.0892408650917364
MaxScala,250.0,,,100.0
Media,0.0,,,0.0
Dev,0.0,,,0.0
