,Power,Var2,Var3,Eta
last_value,0.0,2.164978,0.09397081609037598,0.0
MaxScala,250.0,,,100.0
Media,0.0,,,0.0
Dev,0.0,,,0.0
