,Power,Var2,Var3,Eta
last_value,-0.336,0.180847,0.13799468491968542,-0.13458825020675558
MaxScala,250.0,,,100.0
Media,0.0,,,0.0
Dev,0.0,,,0.0
