,Power,Var2,Var3,Eta
last_value,-0.3248,0.000183,0.17064241865573576,-103.97273547821379
MaxScala,250.0,,,100.0
Media,0.0,,,0.0
Dev,0.0,,,0.0
