,Power,Var2,Var3,Eta
last_value,-0.416,1.443298,0.15841194814364448,-0.018188250349620284
MaxScala,250.0,,,100.0
Media,0.0,,,0.0
Dev,0.0,,,0.0
