,Power,Var2,Var3,Eta
last_value,-0.3056,0.000183,0.17554033381057915,-95.09701339971623
MaxScala,250.0,,,100.0
Media,0.0,,,0.0
Dev,0.0,,,0.0
