,Power,Var2,Var3,Eta
last_value,-0.4336,1.443298,0.15792790319100947,-0.01901585827409303
MaxScala,250.0,,,100.0
Media,0.0,,,0.0
Dev,0.0,,,0.0
