QMean,QDev,PMean,PDev,BarMean,BarDev,etaMean,etaDev,Energy,Resa,Availability
3.7051258687561215,0.7722274193324632,0.0,0.0,0.10708135566502933,0.027304128364519547,0.0,0.0,0.0,0.0,0.0
