QMean,QDev,PMean,PDev,BarMean,BarDev,etaMean,etaDev,Energy,Resa,Availability
1.7503799023746702,3.423379919628498,-0.4355621155436538,0.11541920463856767,0.10085806704924513,0.05464926684765751,-1.0435098448323548,11.618231864968836,-2827.2782161212235,-593.728425385457,0.0
