QMean,QDev,PMean,PDev,BarMean,BarDev,etaMean,etaDev,Energy,Resa,Availability
2.040498430618055,3.615735917997097,-0.4440812563137111,0.11875613592740025,0.09339181250065665,0.055237831368844054,-1.0435098448323548,11.618231864968836,-2476.4980736123102,-520.0645954585851,0.0
