QMean,QDev,PMean,PDev,BarMean,BarDev,etaMean,etaDev,Energy,Resa,Availability
2.229988148256253,3.730298253376227,-0.4583619546072166,0.11387327917388013,0.09041572368343373,0.05556560239597419,-1.0466498829421775,11.636047760035009,-2336.6146540989384,-490.68907736077705,0.0
