QMean,QDev,PMean,PDev,BarMean,BarDev,etaMean,etaDev,Energy,Resa,Availability
5.512517388616615,112.82384805233129,-0.19671828997981966,1.2636527591370363,0.13051349490257974,0.02913317707734142,-0.004265684973407402,0.010940536349950734,-1258.9117566345517,-264.37146889325584,0.000329475721757753
