,Power,Var2,Var3,Eta
last_value,139.6323,0.06608984,27.02094,0.7816139026264681
MaxScala,260.0,0.08,40.0,100.0
Media,139.08936607805782,0.0694,27.1,0.778574744053577
Dev,2.5595426368303364,0.015,0.5,0.014327445077620293
