,Power,Var2,Var3,Eta
last_value,114.364,0.052156430000000004,27.47876,0.7976748258678821
MaxScala,260.0,0.08,40.0,100.0
Media,112.24245808847726,0.0694,27.1,0.782877332121202
Dev,3.6391540736639394,0.015,0.5,0.02538265181365007
