,Power,Var2,Var3,Eta
last_value,124.3315,0.05626994,27.56234,0.8013646354379592
MaxScala,260.0,0.08,40.0,100.0
Media,118.18852998490233,0.0694,27.1,0.761770816279861
Dev,5.754366441869592,0.015,0.5,0.037089118733910964
