,Power,Var2,Var3,Eta
last_value,125.0429,0.056688270000000006,27.39338,0.8049367376702765
MaxScala,260.0,0.08,40.0,100.0
Media,122.09650895009797,0.0694,27.1,0.785969979864683
Dev,3.5364589630421612,0.015,0.5,0.022765192910720766
