,Power,Var2,Var3,Eta
last_value,127.3507,0.05829721,27.29709,0.7999793039151273
MaxScala,260.0,0.08,40.0,100.0
Media,125.39411201307024,0.0694,27.1,0.787688598831977
Dev,2.910767959045439,0.015,0.5,0.01828458049885573
