,Power,Var2,Var3,Eta
last_value,116.5647,0.052960900000000005,27.50056,0.8000399857942223
MaxScala,260.0,0.08,40.0,100.0
Media,113.84471232480742,0.0694,27.1,0.781371393149781
Dev,3.469478875590144,0.015,0.5,0.02381271371470517
