,Power,Var2,Var3,Eta
last_value,129.7806,0.05907486,27.30799,0.8041903897982553
MaxScala,260.0,0.08,40.0,100.0
Media,127.11753369151617,0.0694,27.1,0.787688598831977
Dev,2.950773670007545,0.015,0.5,0.01828458049885573
