,Power,Var2,Var3,Eta
last_value,142.9702,0.06735554,27.12449,0.7822618642844145
MaxScala,260.0,0.08,40.0,100.0
Media,142.29632295077295,0.0694,27.1,0.778574744053577
Dev,2.6185575211571788,0.015,0.5,0.014327445077620293
