,Power,Var2,Var3,Eta
last_value,65.32117,0.02921833,28.33083,0.7888252514626523
MaxScala,260.0,0.08,40.0,100.0
Media,61.55321598627322,0.0694,27.1,0.743323046398387
Dev,4.010858511011146,0.015,0.5,0.04843554506953085
