,Power,Var2,Var3,Eta
last_value,21.48769,0.01308604,28.51796,0.5755785070234054
MaxScala,260.0,0.08,40.0,100.0
Media,23.694010583993965,0.0694,27.1,0.634677959209762
Dev,9.060589123900273,0.015,0.5,0.24270083758128602
