,Power,Var2,Var3,Eta
last_value,119.4218,0.05436067,27.4606,0.7997059502373917
MaxScala,260.0,0.08,40.0,100.0
Media,117.50056481944449,0.0694,27.1,0.786840433173542
Dev,4.514059530805746,0.015,0.5,0.03022831900466383
