,Power,Var2,Var3,Eta
last_value,134.7718,0.06206213,27.09179,0.801265030055244
MaxScala,260.0,0.08,40.0,100.0
Media,132.8455264715283,0.0694,27.1,0.789812666751604
Dev,4.159832925633446,0.015,0.5,0.02473164752702328
