,Power,Var2,Var3,Eta
last_value,90.06041,0.04036291,27.71131,0.8048888866202039
MaxScala,260.0,0.08,40.0,100.0
Media,85.97321260386356,0.0694,27.1,0.768360741105729
Dev,13.83126326764837,0.015,0.5,0.12361291817401698
