,Power,Var2,Var3,Eta
last_value,135.3605,0.06148827,27.26802,0.8070261537692682
MaxScala,260.0,0.08,40.0,100.0
Media,131.9245148829345,0.0694,27.1,0.786540636550923
Dev,3.1828158097295467,0.015,0.5,0.01897610899104285
