,Power,Var2,Var3,Eta
last_value,131.2933,0.06161699,27.32071,0.7796355629617675
MaxScala,260.0,0.08,40.0,100.0
Media,132.45613805066432,0.0694,27.1,0.786540636550923
Dev,3.1956417702765356,0.015,0.5,0.01897610899104285
