,Power,Var2,Var3,Eta
last_value,129.506,0.05912849,27.31344,0.8016009771821622
MaxScala,260.0,0.08,40.0,100.0
Media,127.25832750220357,0.0694,27.1,0.787688598831977
Dev,2.9540419104887086,0.015,0.5,0.01828458049885573
