,Power,Var2,Var3,Eta
last_value,140.7894,0.06427174,27.10269,0.8079398705341434
MaxScala,260.0,0.08,40.0,100.0
Media,135.93432401788863,0.0694,27.1,0.780078330812968
Dev,5.619861676386172,0.015,0.5,0.032250370519650184
