,Power,Var2,Var3,Eta
last_value,62.14004,0.02815643,28.5216,0.7735022691202638
MaxScala,260.0,0.08,40.0,100.0
Media,48.208549557491956,0.0694,27.1,0.600086875929219
Dev,15.20070299341416,0.015,0.5,0.18921420484488
