,Power,Var2,Var3,Eta
last_value,122.4727,0.05592134,27.36249,0.8001062158989537
MaxScala,260.0,0.08,40.0,100.0
Media,120.44209931760297,0.0694,27.1,0.786840433173542
Dev,4.627065471304924,0.015,0.5,0.03022831900466383
