,Power,Var2,Var3,Eta
last_value,140.9056,0.06423419,27.10088,0.8091334320650357
MaxScala,260.0,0.08,40.0,100.0
Media,135.84583320166763,0.0694,27.1,0.780078330812968
Dev,5.616203246843924,0.015,0.5,0.032250370519650184
