,Power,Var2,Var3,Eta
last_value,131.7987,0.06007777,27.18081,0.8068196473259084
MaxScala,260.0,0.08,40.0,100.0
Media,128.7958508553336,0.0694,27.1,0.788437389474559
Dev,4.423600649595916,0.015,0.5,0.02707953808358987
