,Power,Var2,Var3,Eta
last_value,54.22809,0.026284690000000003,28.16732,0.7321793205067896
MaxScala,260.0,0.08,40.0,100.0
Media,53.56778668595354,0.0694,27.1,0.723264006841733
Dev,7.9728095647588395,0.015,0.5,0.10764764699725105
