QMean,QDev,PMean,PDev,BarMean,BarDev,etaMean,etaDev,Energy,Resa,Availability
0.057957921315789473,0.0024349750654361203,127.81679736842108,5.325106114805644,27.361152368421052,0.10370012377382366,0.8057447883035449,0.004455993086769439,1249.0541476169592,262.3013709995614,1.0
