QMean,QDev,PMean,PDev,BarMean,BarDev,etaMean,etaDev,Energy,Resa,Availability
0.06033579333333333,0.0022279969786714007,131.9746933333333,4.49418975925336,27.27443844444444,0.1129314732620442,0.8017840459214624,0.005217857899332419,1465.5789694666664,307.77158358799994,1.0
