QMean,QDev,PMean,PDev,BarMean,BarDev,etaMean,etaDev,Energy,Resa,Availability
0.05699144544117646,0.004217702686611667,125.1551611764706,8.592872381138733,27.37571573529411,0.14664782382730024,0.802170399975574,0.007029580367974116,2114.8441013019606,444.1172612734117,1.0
