QMean,QDev,PMean,PDev,BarMean,BarDev,etaMean,etaDev,Energy,Resa,Availability
0.05738094591549296,0.012404884926373132,125.50777301408449,27.255460167799583,27.37508014084507,0.3337992203026069,0.7983982808066732,0.018339786429486256,2236.8274212732395,469.73375846738026,1.0
