QMean,QDev,PMean,PDev,BarMean,BarDev,etaMean,etaDev,Energy,Resa,Availability
0.058613794776119416,0.013076171441573026,125.91996358208954,29.8619833981934,27.242367313432837,0.3594192385758644,0.7779018746199116,0.06034710712939466,2113.2517888164175,443.7828756514477,1.0
