QMean,QDev,PMean,PDev,BarMean,BarDev,etaMean,etaDev,Energy,Resa,Availability
0.05981840166666668,0.0020892413838673324,131.45980833333334,4.461693779420482,27.299206666666667,0.09154917673639203,0.804777645582785,0.0050654205152325625,1175.761919087963,246.91000300847222,1.0
