QMean,QDev,PMean,PDev,BarMean,BarDev,etaMean,etaDev,Energy,Resa,Availability
0.05603128894736842,0.001978750632756875,123.71648157894735,4.241460101244632,27.400022631578953,0.06455104380436248,0.8055782762652469,0.003229089560291296,1169.8080647076022,245.65969358859644,1.0
