QMean,QDev,PMean,PDev,BarMean,BarDev,etaMean,etaDev,Energy,Resa,Availability
0.05900737708333333,0.001827842843239856,129.94117083333333,3.777496574174397,27.332098333333334,0.06685408686501933,0.8054513664611705,0.003170799569995406,1579.5432157881944,331.7040753155208,1.0
