QMean,QDev,PMean,PDev,BarMean,BarDev,etaMean,etaDev,Energy,Resa,Availability
0.05592800620042418,0.009440223663683545,122.8836615535525,20.858633192182577,27.402509209968187,0.26645955854528847,0.800840443810855,0.020281769625296934,57973.54183247852,12174.443784820489,0.9994697773064687
