QMean,QDev,PMean,PDev,BarMean,BarDev,etaMean,etaDev,Energy,Resa,Availability
0.06266901211806375,0.010666633373568407,135.1714389767808,21.84133170328939,27.171841597796142,0.3351736263344802,0.7944019265961838,0.01940055931480806,85848.05675134837,18028.091917783157,0.9996064541519087
