QMean,QDev,PMean,PDev,BarMean,BarDev,etaMean,etaDev,Energy,Resa,Availability
0.0557808124348869,0.009979856331475192,122.63627289312097,22.056555387166892,27.425619297464014,0.2775410374582954,0.8010053881028051,0.019678774935725195,89496.47726300104,18794.260225230217,0.9955448937628513
