QMean,QDev,PMean,PDev,BarMean,BarDev,etaMean,etaDev,Energy,Resa,Availability
0.03740877914627303,0.03162749941771723,79.40914264066852,67.1750096495612,18.432406227052923,11.21580141117721,0.7785031152287739,0.04908789941992897,35637.433557135824,7483.861046998522,0.6005571030640668
