QMean,QDev,PMean,PDev,BarMean,BarDev,etaMean,etaDev,Energy,Resa,Availability
0.057275517091331274,0.008417357482505066,125.7877906873065,18.8163565275777,27.38183430340557,0.24584356497576804,0.8010439235124364,0.019253691659279135,20355.22487639072,4274.597224042051,1.0
