QMean,QDev,PMean,PDev,BarMean,BarDev,etaMean,etaDev,Energy,Resa,Availability
0.056030598034222445,0.009251045084651893,123.10181512330145,20.424376207343883,27.399319340714644,0.2619134668615198,0.8009368763753798,0.019815926074779625,61168.94998528204,12845.479496909227,0.9994967287367891
