QMean,QDev,PMean,PDev,BarMean,BarDev,etaMean,etaDev,Energy,Resa,Availability
0.05737435460620525,0.0076297205843826165,126.07598446300716,17.173314760539327,27.373773221957045,0.2261475997589433,0.8013479216782029,0.02052481605244653,13230.904105043106,2778.489862059052,1.0
