QMean,QDev,PMean,PDev,BarMean,BarDev,etaMean,etaDev,Energy,Resa,Availability
0.0619904482648731,0.017199124177625476,132.82909554551318,35.97500722041352,26.768256016412348,2.4984572459387198,0.7918178750676801,0.02233140809853599,700516.9989486353,147108.5697792134,0.9677082839394945
