QMean,QDev,PMean,PDev,BarMean,BarDev,etaMean,etaDev,Energy,Resa,Availability
0.06204026283574929,0.01725822350777477,132.90389997197832,36.099555783185515,26.761583324232927,2.5108467573174043,0.7917201231370787,0.022367582012450513,693467.8151612881,145628.2411838705,0.9673616103522645
