QMean,QDev,PMean,PDev,BarMean,BarDev,etaMean,etaDev,Energy,Resa,Availability
0.06131991893626363,0.016394917696758132,131.91679284258203,34.4172641409855,26.75526513243307,2.8718171271840873,0.7935509795326781,0.02192512217976274,1049460.3811038046,220386.68003179895,0.9700943547097394
