QMean,QDev,PMean,PDev,BarMean,BarDev,etaMean,etaDev,Energy,Resa,Availability
0.061598278096785954,0.01691206495621755,132.1701823372861,35.3568007753921,26.806488350428886,2.428249920990583,0.7923750210295797,0.02230636198301431,741328.9685722085,155679.0834001638,0.969594293357111
