QMean,QDev,PMean,PDev,BarMean,BarDev,etaMean,etaDev,Energy,Resa,Availability
0.061656641632605765,0.016960586691990465,132.26729780832704,35.45978366512436,26.80061545434618,2.43950595933719,0.7922854088018846,0.022321178628230715,734540.523091059,154253.50984912238,0.9692903458213257
