QMean,QDev,PMean,PDev,BarMean,BarDev,etaMean,etaDev,Energy,Resa,Availability
0.062158918934849594,0.017394829667500524,133.08486714865475,36.38617646573995,26.746969318131956,2.5381313811737036,0.7914978871484916,0.02232092665122514,678436.228044491,142471.6078893431,0.9665930831493745
