QMean,QDev,PMean,PDev,BarMean,BarDev,etaMean,etaDev,Energy,Resa,Availability
0.062132103534083695,0.017364237283825613,133.04431503466532,36.32151077034222,26.750233121376215,2.5320183267405016,0.791548698425203,0.022344684627904426,681739.7660199638,143165.35086419238,0.9667658972231712
