QMean,QDev,PMean,PDev,BarMean,BarDev,etaMean,etaDev,Energy,Resa,Availability
0.054631568399064016,0.019524538614830663,117.52633868038782,42.144232509413584,25.587598181643635,6.037487193998765,0.7871870383925677,0.041013946090668066,788558.4763235268,165597.28002794064,0.9183525459958776
